Distance_Nearest_Town,Perch,Year,Value_of_one_perch
3,15,2015,203400.00
3.5,8,2015,427900.00
2.9,10,2015,321780.00
3.2,12.4,2015,255750.00
2.7,11,2015,220150.00
3.5,8.5,2015,255120.00
3.4,10.7,2015,265785.00
2.9,18.3,2015,215550.00
2.8,9.4,2015,395050.00
2.9,7.2,2015,468000.00
2.3,15.6,2015,459800.00
2.2,8.2,2015,220900.00
2.8,6.3,2015,275500.00
2.3,13.34,2015,300580.00
3.8,7.91,2015,257800.00
3.6,10.24,2015,295600.00
3.2,16,2015,315050.00
4.5,18,2015,250550.00
4.5,5.78,2015,250750.00
6.3,17.12,2015,240500.00
5.4,13.52,2015,210050.00
5.6,11.23,2015,350500.00
3.9,5.8,2015,275050.00
5.2,16.89,2015,240530.00
4.8,19.02,2015,215780.00
1.9,6.14,2015,467060.00
5.6,15.75,2015,215800.00
4.4,8.29,2015,198400.00
4,6.47,2015,201600.00
3.6,9.07,2015,224700.00
4.2,19.92,2015,212340.00
2.5,13,2015,215600.00
3.2,7.63,2015,242300.00
1.8,16.67,2015,324700.00
2.8,8.09,2015,297500.00
23.2,15.52,2015,145000.00
22.2,6.09,2015,149200.00
2.6,9.31,2015,196700.00
1.1,5.47,2015,346100.00
2.6,16,2015,278300.00
1.4,11.4,2015,465700.00
2.4,11.96,2015,243900.00
2.5,17.48,2015,261360.00
22.5,9,2015,362050.00
22.3,15,2015,354670.00
3.3,16.26,2015,187400.00
3.6,18.39,2015,191420.00
36.8,7.34,2015,125700.00
2.9,6.49,2015,310300.00
6.5,18.26,2015,190500.00
18.5,6.06,2015,85500.00
21.3,18.39,2015,93450.00
26,16.57,2015,74900.00
3.9,4.69,2015,214600.00
5.3,11,2015,194600.00
4.8,7,2015,149300.00
4.3,17,2015,143700.00
5.3,9,2015,195500.00
5.4,25,2015,154200.00
6,7,2015,198500.00
6.7,20,2015,410500.00
6.1,18,2015,341500.00
6.2,14,2015,350500.00
7.7,9,2015,266700.00
7.3,5,2015,235800.00
7.8,11,2015,175800.00
6.1,19,2015,220700.00
6,7,2015,275900.00
4.5,15,2015,270900.00
4.7,8,2015,215400.00
5.7,9,2015,300400.00
5.1,4,2015,220300.00
5.8,17,2015,255500.00
5.1,9,2015,235500.00
5.3,10,2015,243700.00
4.6,15,2015,255800.00
40,17,2015,135900.00
4,13,2015,190800.00
3.9,19,2015,225300.00
1.1,14,2015,250300.00
1.2,17,2015,187500.00
11,25,2015,175000.00
1.5,12,2015,192200.00
1.5,14,2015,290600.00
0.75,10,2015,310700.00
1.8,13,2015,194000.00
24,15,2015,220000.00
2.3,16,2015,195000.00
2.9,12,2015,235020.00
3.2,16,2015,227050.00
6.5,7,2015,404070.00
5.3,16,2015,265080.00
3.3,9,2015,241000.00
5.7,11,2015,190700.00
5.1,7,2015,195050.00
3.8,8.3,2015,185900.00
4.8,12,2015,47515.00
5.9,11.25,2015,111750.00
5,17.2,2015,290235.00
5.9,16.2,2015,129800.00
12.3,13,2015,110750.00
7.9,9.5,2015,179170.00
8.1,8,2015,195400.00
11.1,24.25,2015,225000.00
12.8,17.5,2015,250250.00
11.8,11.3,2015,155300.00
10.9,15,2015,185600.00
17.4,9.5,2015,95230.00
26.3,45,2015,110750.00
28.2,21,2015,97030.00
25.6,17.2,2015,112080.00
26.7,26.5,2015,110000.00
25.3,11.3,2015,110235.00
29.1,18,2015,175750.00
22.4,12.5,2015,125200.00
24.5,31.5,2015,120750.00
26.8,28.7,2015,145250.00
20.9,12.5,2015,195450.00
17,8.4,2015,200750.00
19,17.8,2015,210000.00
19.5,22.5,2015,225000.00
3.1,9.2,2015,160075.00
20.6,14.3,2015,95750.00
18.8,26.3,2015,110025.00
15.9,19.9,2015,195000.00
17.4,17.6,2015,95250.00
2.5,8.5,2015,268400.00
16.6,31.2,2015,125750.00
3.7,8.1,2015,145205.00
2.1,12,2015,135000.00
1.5,15.8,2015,175300.00
2.5,7.6,2015,185900.00
2.9,8.8,2015,295300.00
3.4,13.1,2015,275300.00
1.8,7.5,2015,112500.00
4.5,16.5,2015,175750.00
6.1,9.9,2015,155800.00
8.1,19.6,2015,325300.00
6.1,21.3,2015,345300.00
6.1,20,2015,254900.00
5.1,30,2015,326510.00
10.3,18,2015,125000.00
5.1,10,2015,248500.00
2.4,5,2015,375600.00
6.5,12,2015,245800.00
6.2,15,2015,155600.00
17.9,13,2015,175850.00
13.7,10,2015,225400.00
12.3,18,2015,332800.00
11,14,2015,195740.00
11.9,20.5,2015,185640.00
19.1,15.7,2015,254500.00
8.6,22.2,2015,345700.00
7.3,12.5,2015,195600.00
9,19,2015,201860.00
7.7,12.6,2015,259630.00
6.1,8.23,2015,266400.00
21.7,25,2015,93000.00
18.7,16,2015,113500.00
15.6,11.4,2015,120350.00
14,11.96,2015,168400.00
9.4,17.48,2015,158620.00
12.4,9,2015,174500.00
13.7,15,2015,169420.00
13.2,16.26,2015,195280.00
9.4,18.39,2015,206400.00
7.8,8.34,2015,244460.00
22.5,6.49,2015,108650.00
20.1,20.26,2015,128060.00
18,10.06,2015,136945.00
12.2,18.39,2015,166590.00
12.6,16.57,2015,176389.00
12.03,4.69,2015,144998.00
20,11,2015,90120.00
4.57,7,2015,340590.00
1.47,17,2015,421680.00
13.3,9,2015,164590.00
14.7,25,2015,134890.00
13,7,2015,154300.00
21.8,20,2015,112590.00
34.8,18,2015,89640.00
23.9,14,2015,110650.00
32.4,9,2015,114000.00
37.04,33,2015,95600.00
11.1,11,2015,165230.00
44.9,19,2015,115000.00
45.5,25,2015,175000.00
39.3,15,2015,95800.00
33.7,8,2015,89650.00
11,19,2015,248590.00
10.9,25,2015,249650.00
8.3,17,2015,276453.00
3,18.3,2016,213400.00
3.5,5.6,2016,447900.00
2.9,8.3,2016,331780.00
3.2,14.8,2016,265750.00
2.7,9.2,2016,230150.00
3.5,15.5,2016,275100.00
3.4,14.5,2016,285780.00
2.9,15.4,2016,230550.00
2.8,7.2,2016,405050.00
2.9,8.3,2016,480000.00
2.3,12.8,2016,470800.00
2.2,5.9,2016,235900.00
2.8,6,2016,297500.00
2.3,14.85,2016,310580.00
3.8,6.97,2016,267800.00
3.6,8.25,2016,315600.00
3.2,14.1,2016,345050.00
4.5,22.09,2016,272055.00
4.5,7.2,2016,262750.00
6.3,14.89,2016,265500.00
5.4,10.32,2016,255050.00
5.6,8.7,2016,397500.00
3.9,5.78,2016,315050.00
5.2,20.45,2016,285530.00
4.8,25.3,2016,255780.00
1.9,5.6,2016,497060.00
5.6,18.2,2016,235800.00
4.4,7.23,2016,216300.00
4,5.45,2016,231400.00
3.6,9.9,2016,253650.00
4.2,20.6,2016,221040.00
2.5,15.29,2016,249450.00
3.2,8.6,2016,242300.00
1.8,18.6,2016,362300.00
2.8,9.45,2016,312520.00
23.2,15.52,2016,172100.00
22.2,6.89,2016,157920.00
2.6,12.6,2016,213600.00
1.1,6.15,2016,415490.00
2.6,20.85,2016,397920.00
1.4,10,2016,494800.00
2.4,13.85,2016,384500.00
2.5,24.58,2016,381270.00
22.5,10.56,2016,382400.00
22.3,16.35,2016,387830.00
3.3,16.26,2016,231860.00
3.6,18.39,2016,209370.00
36.8,6.12,2016,138640.00
2.9,8.23,2016,346300.00
6.5,20.45,2016,213370.00
18.5,8.25,2016,103500.00
21.3,20.15,2016,99380.00
26,19.25,2016,100300.00
3.9,6.5,2016,254800.00
5.3,10,2016,214730.00
4.8,6.7,2016,174200.00
4.3,17,2016,181300.00
5.3,9,2016,195500.00
5.4,25,2016,154200.00
6,7,2016,198500.00
6.7,21.5,2016,410500.00
6.1,19.56,2016,341500.00
6.2,17.58,2016,350500.00
7.7,8.9,2016,266700.00
7.3,6.45,2016,235800.00
7.8,13.8,2016,175800.00
6.1,17.9,2016,220700.00
6,6.5,2016,275900.00
4.5,18.45,2016,270900.00
4.7,9.3,2016,215400.00
5.7,9.34,2016,300400.00
5.1,6.56,2016,220300.00
5.8,18.9,2016,255500.00
5.1,10.64,2016,235500.00
5.3,14.25,2016,243700.00
4.6,12.36,2016,255800.00
40,18.5,2016,135900.00
4,14.6,2016,190800.00
3.9,20.8,2016,225300.00
1.1,15.65,2016,250300.00
1.2,12.5,2016,187500.00
11,23.5,2016,175000.00
1.5,14.6,2016,192200.00
1.5,15.6,2016,290600.00
0.75,15.3,2016,310700.00
1.8,15.14,2016,194000.00
24,16,2016,220000.00
2.3,25,2016,195000.00
2.9,13,2016,235020.00
3.2,17.89,2016,227050.00
6.5,6.4,2016,4040700.00
5.3,17.89,2016,265080.00
3.3,10.56,2016,2410006.00
5.7,10.5,2016,1905700.00
5.1,6.5,2016,195050.00
3.8,9.2,2016,185900.00
4.8,12,2016,47515.00
5.9,10.52,2016,111750.00
5,18.4,2016,290235.00
5.9,14.25,2016,129800.00
12.3,15.8,2016,110750.00
7.9,10.25,2016,179170.00
8.1,6.75,2016,195400.00
11.1,20.5,2016,225000.00
12.8,16.5,2016,250250.00
11.8,10.56,2016,155300.00
10.9,14.8,2016,185600.00
17.4,6.4,2016,95230.00
26.3,30.8,2016,110750.00
28.2,20.25,2016,97030.00
25.6,18.5,2016,112080.00
26.7,20.6,2016,110000.00
25.3,10.6,2016,110235.00
29.1,15.56,2016,175750.00
22.4,10.25,2016,125200.00
24.5,25.6,2016,134600.00
26.8,20.25,2016,156300.00
20.9,10.45,2016,199230.00
17,6.5,2016,211940.00
19,15.85,2016,221600.00
19.5,20.12,2016,234100.00
3.1,5.56,2016,191300.00
20.6,10.25,2016,395200.00
18.8,20.58,2016,151470.00
15.9,20.47,2016,214200.00
17.4,18.56,2016,149300.00
2.5,6.46,2016,295600.00
16.6,31.2,2016,163200.00
3.7,6.32,2016,198760.00
2.1,14.6,2016,173200.00
1.5,13.89,2016,207800.00
2.5,6.49,2016,218900.00
2.9,7.85,2016,324780.00
3.4,15.97,2016,294300.00
1.8,5.5,2016,182400.00
4.5,15.6,2016,231740.00
6.1,10.12,2016,183490.00
8.1,21.47,2016,372800.00
6.1,20.48,2016,381230.00
17,23.6,2016,132600.00
6.1,19.9,2016,289100.00
5.1,25.36,2016,361700.00
10.3,14.78,2016,125000.00
5.1,9.17,2016,273190.00
2.4,6.45,2016,412900.00
6.5,11.85,2016,269340.00
6.2,14.94,2016,171320.00
17.9,12.71,2016,183700.00
13.7,8.93,2016,239820.00
12.3,15.37,2016,348600.00
11,19.45,2016,213730.00
11.9,15.09,2016,221700.00
19.1,13.45,2016,271890.00
8.6,20.49,2016,358200.00
7.3,11.82,2016,208750.00
9,15.9,2016,215860.00
7.7,10.73,2016,279630.00
6.1,6.43,2016,296400.00
21.7,24.97,2016,155800.00
18.7,15.29,2016,133500.00
15.6,15.9,2016,140350.00
14,15.45,2016,188400.00
9.4,16.52,2016,188620.00
12.4,6.35,2016,198500.00
13.7,14.89,2016,185600.00
13.2,14.38,2016,225250.00
9.4,17.82,2016,240450.00
7.8,9.64,2016,284660.00
22.5,6.41,2016,148620.00
20.1,19.58,2016,148060.00
18,11.28,2016,166945.00
12.2,19.36,2016,178590.00
12.6,15.29,2016,196309.00
12.03,6.56,2016,154008.00
20,14.85,2016,120120.00
4.57,6.24,2016,365050.00
1.47,16.46,2016,461900.00
13.3,7.82,2016,194570.00
14.7,24.31,2016,174800.00
13,6.15,2016,174300.00
21.8,24.9,2016,145500.00
34.8,12.64,2016,109640.00
23.9,18.49,2016,110650.00
32.4,7.89,2016,124000.00
37.04,30.18,2016,109560.00
11.1,10.58,2016,185200.00
44.9,18.35,2016,125070.00
45.5,24.92,2016,195050.00
39.3,14.86,2016,105800.00
33.7,7.94,2016,99600.00
11,18.49,2016,270500.00
10.9,20.19,2016,272650.00
8.3,14.78,2016,296580.00
2.1,12.89,2016,451870.00
3,13.23,2017,233400.00
3.5,8.9,2017,467900.00
2.9,6.54,2017,391800.00
3.2,10.2,2017,285500.00
2.7,6.8,2017,240850.00
3.5,14.57,2017,285150.00
3.4,9.34,2017,295880.00
2.9,12.91,2017,240650.00
2.8,5.9,2017,425150.00
2.9,8.13,2017,495100.00
2.3,14.58,2017,487800.00
2.2,9.79,2017,245900.00
2.8,7.4,2017,317500.00
2.3,12.65,2017,325580.00
3.8,7.87,2017,287800.00
3.6,8.24,2017,325600.00
3.2,16.7,2017,365750.00
4.5,18.15,2017,282055.00
4.5,14.76,2017,292750.00
6.3,8.36,2017,285700.00
5.4,12.56,2017,285150.00
5.6,7.34,2017,407500.00
3.9,11.95,2017,325750.00
5.2,17.56,2017,305530.00
4.8,15.28,2017,267780.00
1.9,7.87,2017,517060.00
5.6,16.73,2017,245900.00
4.4,11.28,2017,226700.00
4,9.45,2017,241500.00
3.6,14.3,2017,263750.00
4.2,16.72,2017,231250.00
2.5,17.3,2017,269500.00
3.2,13.45,2017,252700.00
1.8,12.89,2017,382700.00
2.8,12.3,2017,322720.00
23.2,16.73,2017,182700.00
22.2,9.7,2017,177720.00
2.6,10.56,2017,223800.00
1.1,9.3,2017,425590.00
2.6,17.45,2017,417920.00
1.4,19.09,2017,514800.00
2.4,14.34,2017,408450.00
2.5,21.35,2017,399270.00
22.5,8.8,2017,390400.00
22.3,13.4,2017,407830.00
3.3,17.1,2017,255860.00
3.6,12.68,2017,229370.00
36.8,18.42,2017,188640.00
2.9,10.23,2017,389400.00
6.5,25.5,2017,233900.00
18.5,28.55,2017,128640.00
21.3,15.2,2017,124200.00
26,20.5,2017,126700.00
3.9,12.5,2017,290380.00
5.3,15.5,2017,238900.00
4.8,7.3,2017,192300.00
4.3,12.5,2017,201400.00
5.3,15.3,2017,223600.00
5.4,17.2,2017,179380.00
6,9.3,2017,221700.00
6.7,26.2,2017,416240.00
6.1,22.1,2017,363750.00
6.2,10.5,2017,364100.00
7.7,12.3,2017,284300.00
7.3,9.35,2017,259100.00
7.8,15.45,2017,196300.00
6.1,22.3,2017,241200.00
6,8.5,2017,294700.00
4.5,22.5,2017,287900.00
4.7,17.5,2017,234100.00
5.7,13.2,2017,317300.00
5.1,17.5,2017,237800.00
5.8,25.9,2017,279100.00
5.1,23.02,2017,253400.00
5.3,12.35,2017,261890.00
4.6,18.3,2017,271400.00
40,12.4,2017,157822.00
4,19.5,2017,217300.00
3.9,10.12,2017,251900.00
1.1,5.65,2017,287100.00
1.2,18.35,2017,209800.00
11,35.45,2017,193400.00
1.5,9.35,2017,208530.00
1.5,6.25,2017,312480.00
0.75,9.45,2017,339700.00
1.8,10.25,2017,214500.00
24,26.3,2017,239400.00
2.3,22.3,2017,217200.00
2.9,8.6,2017,251800.00
3.2,14.5,2017,241370.00
9.7,12.5,2017,163400.00
6.5,18.2,2017,417280.00
5.3,20.5,2017,281200.00
3.3,8.36,2017,253980.00
5.7,12.36,2017,201200.00
5.1,18.36,2017,209300.00
3.8,15.6,2017,201290.00
4.8,16.9,2017,168500.00
5.9,9.35,2017,110750.00
5,15.2,2017,100000.00
5.9,18.2,2017,129800.00
12.3,10.85,2017,137500.00
7.9,11.9,2017,179170.00
8.1,9.9,2017,195400.00
11.1,16.71,2017,125000.00
12.8,12.4,2017,117025.00
11.8,14.3,2017,120300.00
10.9,12.8,2017,185600.00
17.4,9.28,2017,165230.00
26.3,21.8,2017,110750.00
28.2,16.1,2017,127030.00
25.6,15.5,2017,114080.00
26.7,19.25,2017,110000.00
25.3,14.8,2017,112235.00
29.1,13.56,2017,177750.00
22.4,13.48,2017,128200.00
24.5,21.26,2017,136600.00
26.8,24.9,2017,166300.00
20.9,13.9,2017,199930.00
17,9.1,2017,216940.00
19,12.9,2017,223600.00
19.5,17.6,2017,234100.00
3.1,10.4,2017,197300.00
20.6,18.5,2017,398200.00
18.8,26.26,2017,153470.00
15.9,17.2,2017,216200.00
17.4,13.35,2017,152000.00
2.5,9.2,2017,295600.00
16.6,23.4,2017,165200.00
3.7,11.8,2017,121000.00
2.1,13.9,2017,175400.00
1.5,17.25,2017,209000.00
2.5,12.26,2017,228900.00
2.9,15.29,2017,326000.00
3.4,9.46,2017,297500.00
1.8,9.2,2017,185640.00
4.5,12.8,2017,231740.00
6.1,14.3,2017,187690.00
8.1,16.37,2017,375000.00
6.1,17.35,2017,384230.00
17,19.32,2017,152600.00
6.1,14.67,2017,292000.00
5.1,19.45,2017,365800.00
10.3,9.23,2017,135000.00
5.1,12.45,2017,277590.00
2.4,9.46,2017,465700.00
6.5,12.85,2017,272640.00
6.2,14.94,2017,176320.00
17.9,12.71,2017,193700.00
13.7,9.15,2017,242820.00
12.3,14.56,2017,346600.00
11,20.78,2017,215730.00
11.9,19.38,2017,231700.00
19.1,12.48,2017,274190.00
8.6,24.58,2017,364200.00
7.3,10.46,2017,218750.00
9,14.81,2017,225000.00
7.7,14.25,2017,285130.00
6.1,7.89,2017,298400.00
21.7,25.14,2017,165800.00
18.7,12.84,2017,143000.00
15.6,15.9,2017,154350.00
14,16.56,2017,198400.00
9.4,17.89,2017,194200.00
12.4,8.74,2017,198500.00
13.7,15.58,2017,185600.00
13.2,12.98,2017,228250.00
9.4,15.37,2017,246450.00
7.8,10.25,2017,285000.00
22.5,7.45,2017,150720.00
20.1,20.46,2017,148060.00
18,10.54,2017,166945.00
12.2,18.24,2017,178590.00
12.6,14.79,2017,196309.00
12.03,8.2,2017,154008.00
20,14.75,2017,120120.00
4.57,5.35,2017,365050.00
1.47,14.87,2017,461900.00
13.3,10.56,2017,194570.00
14.7,25.45,2017,174800.00
13,6.45,2017,174300.00
21.8,25.8,2017,145500.00
34.8,10.96,2017,109640.00
23.9,20.25,2017,110650.00
32.4,6.45,2017,124000.00
37.04,29.65,2017,109560.00
11.1,15.25,2017,197800.00
44.9,15.25,2017,134600.00
45.5,24.92,2017,214700.00
39.3,14.86,2017,141200.00
33.7,7.94,2017,151380.00
11,18.49,2017,286420.00
10.9,20.19,2017,289100.00
8.3,14.78,2017,309710.00
2.1,12.89,2017,478900.00
3,13.23,2018,245400.00
3.5,8.9,2018,487800.00
2.9,6.54,2018,411800.00
3.2,10.2,2018,308550.00
2.7,6.8,2018,260850.00
3.5,14.57,2018,295250.00
3.4,9.34,2018,305880.00
2.9,12.91,2018,260500.00
2.8,5.9,2018,445250.00
2.9,8.13,2018,505510.00
2.3,14.58,2018,499800.00
2.2,9.79,2018,257900.00
2.8,7.4,2018,337100.00
2.3,12.65,2018,335880.00
3.8,7.87,2018,298800.00
3.6,8.24,2018,335600.00
3.2,16.7,2018,385750.00
4.5,18.15,2018,292105.00
4.5,14.76,2018,312750.00
6.3,8.36,2018,299700.00
5.4,12.56,2018,296150.00
5.6,7.34,2018,425500.00
3.9,11.95,2018,345750.00
5.2,17.56,2018,317530.00
4.8,15.28,2018,287780.00
1.9,7.87,2018,527600.00
5.6,16.73,2018,255900.00
4.4,11.28,2018,236700.00
4,9.45,2018,252500.00
3.6,14.3,2018,283850.00
4.2,16.72,2018,251450.00
2.5,17.3,2018,289400.00
3.2,13.45,2018,278800.00
1.8,12.89,2018,402700.00
2.8,12.3,2018,322720.00
23.2,16.73,2018,195700.00
22.2,9.7,2018,197720.00
2.6,10.56,2018,243800.00
1.1,9.3,2018,435600.00
2.6,17.45,2018,422920.00
1.4,19.09,2018,524800.00
2.4,14.34,2018,428450.00
2.5,21.35,2018,409270.00
22.5,8.8,2018,410400.00
22.3,13.4,2018,417830.00
3.3,17.1,2018,265960.00
3.6,12.68,2018,239470.00
36.8,18.42,2018,208640.00
2.9,10.23,2018,409400.00
6.5,25.5,2018,259700.00
18.5,28.55,2018,139500.00
21.3,15.2,2018,146300.00
26,20.5,2018,139560.00
3.9,12.5,2018,312600.00
5.3,15.5,2018,246300.00
4.8,7.3,2018,198640.00
4.3,12.5,2018,232800.00
5.3,15.3,2018,241700.00
5.4,17.2,2018,187230.00
6,9.3,2018,239700.00
6.7,26.2,2018,431800.00
6.1,22.1,2018,379120.00
6.2,10.5,2018,376900.00
7.7,12.3,2018,294850.00
7.3,9.35,2018,267100.00
7.8,15.45,2018,213400.00
6.1,22.3,2018,251890.00
6,8.5,2018,312300.00
4.5,22.5,2018,298100.00
4.7,17.5,2018,245700.00
5.7,13.2,2018,331450.00
5.1,17.5,2018,244900.00
5.8,25.9,2018,281290.00
5.1,23.02,2018,264100.00
5.3,12.35,2018,278300.00
4.6,18.3,2018,289100.00
40,12.4,2018,169200.00
4,19.5,2018,236800.00
3.9,10.12,2018,271250.00
1.1,5.65,2018,291400.00
1.2,18.35,2018,221600.00
11,35.45,2018,211280.00
1.5,9.35,2018,212500.00
1.5,6.25,2018,324700.00
0.75,9.45,2018,347840.00
1.8,10.25,2018,231700.00
24,26.3,2018,249100.00
2.3,22.3,2018,231600.00
2.9,8.6,2018,269010.00
3.2,14.5,2018,251800.00
6.5,18.2,2018,431650.00
5.3,20.5,2018,294600.00
3.3,8.36,2018,261200.00
5.7,12.36,2018,211670.00
5.1,18.36,2018,223400.00
3.8,15.6,2018,219230.00
4.8,16.9,2018,184300.00
5.9,9.35,2018,132790.00
5,15.2,2018,100000.00
5.9,18.2,2018,129800.00
12.3,10.85,2018,137500.00
7.9,11.9,2018,179170.00
8.1,9.9,2018,195400.00
11.1,16.71,2018,125000.00
12.8,12.4,2018,117025.00
11.8,14.3,2018,120300.00
10.9,12.8,2018,185600.00
17.4,9.28,2018,165230.00
26.3,21.8,2018,110750.00
28.2,16.1,2018,127030.00
25.6,15.5,2018,114080.00
26.7,19.25,2018,110000.00
25.3,14.8,2018,112235.00
29.1,13.56,2018,177750.00
22.4,13.48,2018,128200.00
24.5,21.26,2018,136600.00
26.8,24.9,2018,166300.00
20.9,13.9,2018,199930.00
17,9.1,2018,216940.00
19,12.9,2018,223600.00
19.5,17.6,2018,234100.00
3.1,10.4,2018,197300.00
20.6,18.5,2018,398200.00
18.8,26.26,2018,153470.00
15.9,17.2,2018,216200.00
17.4,13.35,2018,152000.00
2.5,9.2,2018,295600.00
16.6,23.4,2018,165200.00
3.7,11.8,2018,121000.00
2.1,13.9,2018,175400.00
1.5,17.25,2018,209000.00
2.5,12.26,2018,228900.00
2.9,15.29,2018,326000.00
3.4,9.46,2018,297500.00
1.8,9.2,2018,185640.00
4.5,12.8,2018,231740.00
6.1,14.3,2018,187690.00
8.1,16.37,2018,375000.00
6.1,17.35,2018,384230.00
17,19.32,2018,152600.00
6.1,14.67,2018,292000.00
5.1,19.45,2018,365800.00
10.3,9.23,2018,135000.00
5.1,12.45,2018,277590.00
2.4,9.46,2018,465700.00
6.5,12.85,2018,272640.00
6.2,14.94,2018,176320.00
17.9,12.71,2018,193700.00
13.7,9.15,2018,242820.00
12.3,14.56,2018,346600.00
11,20.78,2018,215730.00
11.9,19.38,2018,231700.00
19.1,12.48,2018,274190.00
8.6,24.58,2018,364200.00
7.3,10.46,2018,218750.00
9,14.81,2018,225000.00
7.7,14.25,2018,285130.00
6.1,7.89,2018,298400.00
21.7,25.14,2018,165800.00
18.7,12.84,2018,143000.00
15.6,15.9,2018,154350.00
14,16.56,2018,198400.00
9.4,17.89,2018,194200.00
12.4,8.74,2018,198500.00
13.7,15.58,2018,185600.00
13.2,12.98,2018,228250.00
9.4,15.37,2018,246450.00
7.8,10.25,2018,285000.00
22.5,7.45,2018,150720.00
20.1,20.46,2018,148060.00
18,10.54,2018,166945.00
12.2,18.24,2018,178590.00
12.6,14.79,2018,196309.00
12.03,8.2,2018,154008.00
20,14.75,2018,120120.00
4.57,5.35,2018,365050.00
1.47,14.87,2018,461900.00
13.3,10.56,2018,194570.00
14.7,25.45,2018,174800.00
13,6.45,2018,174300.00
21.8,25.8,2018,145500.00
34.8,10.96,2018,109640.00
23.9,18.49,2018,110650.00
32.4,7.89,2018,124000.00
37.04,30.18,2018,109560.00
11.1,10.58,2018,197800.00
44.9,18.35,2018,134600.00
45.5,24.92,2018,214700.00
39.3,14.86,2018,141200.00
33.7,7.94,2018,151380.00
11,18.49,2018,286420.00
10.9,20.19,2018,289100.00
8.3,14.78,2018,309710.00
2.1,12.89,2018,478900.00
3,13.23,2019,265400.00
3.5,8.9,2019,507800.00
2.9,6.54,2019,431750.00
3.2,10.2,2019,324550.00
2.7,6.8,2019,270800.00
3.5,14.57,2019,302750.00
3.4,9.34,2019,315880.00
2.9,12.91,2019,270800.00
2.8,5.9,2019,455750.00
2.9,8.13,2019,515710.00
2.3,14.58,2019,519800.00
2.2,9.79,2019,272300.00
2.8,7.4,2019,351700.00
2.3,12.65,2019,345900.00
3.8,7.87,2019,302800.00
3.6,8.24,2019,345700.00
3.2,16.7,2019,395900.00
4.5,18.15,2019,302105.00
4.5,14.76,2019,322050.00
6.3,8.36,2019,309600.00
5.4,12.56,2019,306150.00
5.6,7.34,2019,445900.00
3.9,11.95,2019,365850.00
5.2,17.56,2019,327500.00
4.8,15.28,2019,307700.00
1.9,7.87,2019,547800.00
5.6,16.73,2019,265200.00
4.4,11.28,2019,246800.00
4,9.45,2019,265500.00
3.6,14.3,2019,283850.00
4.2,16.72,2019,270450.00
2.5,17.3,2019,295600.00
3.2,13.45,2019,288800.00
1.8,12.89,2019,415700.00
2.8,12.3,2019,333720.00
23.2,16.73,2019,205700.00
22.2,9.7,2019,208720.00
2.6,10.56,2019,258800.00
1.1,9.3,2019,445900.00
2.6,17.45,2019,432820.00
1.4,19.09,2019,544600.00
2.4,14.34,2019,438550.00
2.5,21.35,2019,419170.00
22.5,8.8,2019,416500.00
22.3,13.4,2019,428930.00
3.3,17.1,2019,275600.00
3.6,12.68,2019,248070.00
36.8,18.42,2019,219700.00
2.9,10.23,2019,419100.00
6.5,25.5,2019,275700.00
18.5,28.55,2019,149900.00
21.3,15.2,2019,176800.00
26,20.5,2019,169660.00
3.9,12.5,2019,350600.00
5.3,15.5,2019,268700.00
4.8,7.3,2019,218640.00
4.3,12.5,2019,240800.00
5.3,15.3,2019,261700.00
5.4,17.2,2019,197230.00
6,9.3,2019,249600.00
6.7,26.2,2019,451900.00
6.1,22.1,2019,389100.00
6.2,10.5,2019,386700.00
7.7,12.3,2019,304600.00
7.3,9.35,2019,277600.00
7.8,15.45,2019,223800.00
6.1,22.3,2019,264890.00
6,8.5,2019,322600.00
4.5,22.5,2019,308700.00
4.7,17.5,2019,255600.00
5.7,13.2,2019,342650.00
5.1,17.5,2019,264700.00
5.8,25.9,2019,291790.00
5.1,23.02,2019,278100.00
5.3,12.35,2019,288900.00
4.6,18.3,2019,299600.00
40,12.4,2019,188200.00
4,19.5,2019,248800.00
3.9,10.12,2019,288250.00
1.1,5.65,2019,302500.00
1.2,18.35,2019,231700.00
11,35.45,2019,221980.00
1.5,9.35,2019,232600.00
1.5,6.25,2019,334700.00
0.75,9.45,2019,357640.00
1.8,10.25,2019,251600.00
24,26.3,2019,259700.00
2.3,22.3,2019,241700.00
2.9,8.6,2019,279810.00
3.2,14.5,2019,271900.00
6.5,18.2,2019,441750.00
5.3,20.5,2019,306600.00
3.3,8.36,2019,261200.00
5.7,12.36,2019,271600.00
5.1,18.36,2019,236400.00
3.8,15.6,2019,229230.00
4.8,16.9,2019,197700.00
5.9,9.35,2019,145790.00
5,15.2,2019,193000.00
5.9,18.2,2019,149700.00
12.3,10.85,2019,157500.00
7.9,11.9,2019,194170.00
8.1,9.9,2019,205700.00
11.1,16.71,2019,155700.00
12.8,12.4,2019,129125.00
11.8,14.3,2019,130500.00
10.9,12.8,2019,199600.00
17.4,9.28,2019,175270.00
26.3,21.8,2019,125750.00
28.2,16.1,2019,137030.00
25.6,15.5,2019,124780.00
26.7,19.25,2019,135000.00
25.3,14.8,2019,120200.00
29.1,13.56,2019,197750.00
22.4,13.48,2019,138700.00
24.5,21.26,2019,146700.00
26.8,24.9,2019,176800.00
20.9,13.9,2019,209930.00
17,9.1,2019,228940.00
19,12.9,2019,233800.00
19.5,17.6,2019,245500.00
3.1,10.4,2019,210300.00
20.6,18.5,2019,410200.00
18.8,26.26,2019,175400.00
15.9,17.2,2019,230200.00
17.4,13.35,2019,162000.00
2.5,9.2,2019,310600.00
16.6,23.4,2019,185500.00
3.7,11.8,2019,121000.00
2.1,13.9,2019,175400.00
1.5,17.25,2019,209000.00
2.5,12.26,2019,228900.00
2.9,15.29,2019,326000.00
3.4,9.46,2019,297500.00
1.8,9.2,2019,185640.00
4.5,12.8,2019,231740.00
6.1,14.3,2019,187690.00
8.1,16.37,2019,375000.00
6.1,17.35,2019,384230.00
17,19.32,2019,152600.00
6.1,14.67,2019,292000.00
5.1,19.45,2019,365800.00
10.3,9.23,2019,135000.00
5.1,12.45,2019,277590.00
2.4,9.46,2019,465700.00
6.5,12.85,2019,272640.00
6.2,14.94,2019,176320.00
17.9,12.71,2019,193700.00
13.7,9.15,2019,242820.00
12.3,14.56,2019,346600.00
11,20.78,2019,215730.00
11.9,19.38,2019,231700.00
19.1,12.48,2019,274190.00
8.6,24.58,2019,364200.00
7.3,10.46,2019,218750.00
9,14.81,2019,225000.00
7.7,14.25,2019,285130.00
6.1,7.89,2019,298400.00
21.7,25.14,2019,165800.00
18.7,12.84,2019,143000.00
15.6,15.9,2019,154350.00
14,16.56,2019,198400.00
9.4,17.89,2019,194200.00
12.4,8.74,2019,198500.00
13.7,15.58,2019,185600.00
13.2,12.98,2019,228250.00
9.4,15.37,2019,246450.00
7.8,10.25,2019,285000.00
22.5,7.45,2019,150720.00
20.1,20.46,2019,148060.00
18,10.54,2019,166945.00
12.2,18.24,2019,178590.00
12.6,14.79,2019,196309.00
12.03,8.2,2019,154008.00
20,14.75,2019,120120.00
4.57,5.35,2019,365050.00
1.47,14.87,2019,461900.00
13.3,10.56,2019,194570.00
14.7,25.45,2019,174800.00
13,6.45,2019,174300.00
21.8,25.8,2019,145500.00
34.8,10.96,2019,109640.00
23.9,18.49,2019,110650.00
32.4,7.89,2019,124000.00
37.04,30.18,2019,109560.00
11.1,10.58,2019,197800.00
44.9,18.35,2019,134600.00
45.5,24.92,2019,214700.00
39.3,14.86,2019,141200.00
33.7,7.94,2019,151380.00
11,18.49,2019,286420.00
10.9,20.19,2019,289100.00
8.3,14.78,2019,309710.00
2.1,12.89,2019,478900.00
